{
    "info": {
        "id": "24437",
        "name": "Domino's Pizza",
        "cloudinaryImageId": "RX_THUMBNAIL/IMAGES/VENDOR/2025/6/5/71d4c1df-0cb4-412b-adfa-34e9301aa9b0_24437.JPG",
        "locality": "Perugate",
        "areaName": "Sadashiv Peth",
        "costForTwo": "₹400 for two",
        "cuisines": [
            "Pizzas",
            "Italian",
            "Pastas",
            "Desserts"
        ],
        "avgRating": 4.1,
        "parentId": "2456",
        "avgRatingString": "4.1",
        "totalRatingsString": "5.7K+",
        "sla": {
            "deliveryTime": 25,
            "lastMileTravel": 1.6,
            "serviceability": "SERVICEABLE",
            "slaString": "20-25 mins",
            "lastMileTravelString": "1.6 km",
            "iconType": "ICON_TYPE_EMPTY"
        },
        "availability": {
            "nextCloseTime": "2025-06-05 23:59:00",
            "opened": true
        },
        "badges": {
            "imageBadges": [
                {
                    "imageId": "bolt/bolt%206.png",
                    "description": "bolt!"
                },
                {
                    "imageId": "Rxawards/_CATEGORY-Pizza.png",
                    "description": "Delivery!"
                }
            ]
        },
        "isOpen": true,
        "type": "F",
        "badgesV2": {
            "entityBadges": {
                "imageBased": {
                    "badgeObject": [
                        {
                            "attributes": {
                                "description": "bolt!",
                                "imageId": "bolt/bolt%206.png"
                            }
                        },
                        {
                            "attributes": {
                                "description": "Delivery!",
                                "imageId": "Rxawards/_CATEGORY-Pizza.png"
                            }
                        }
                    ]
                },
                "textBased": {},
                "textExtendedBadges": {}
            }
        },
        "aggregatedDiscountInfoV3": {
            "header": "ITEMS",
            "subHeader": "AT ₹75"
        },
        "differentiatedUi": {
            "displayType": "ADS_UI_DISPLAY_TYPE_ENUM_DEFAULT",
            "differentiatedUiMediaDetails": {
                "lottie": {},
                "video": {}
            }
        },
        "reviewsSummary": {},
        "displayType": "RESTAURANT_DISPLAY_TYPE_DEFAULT",
        "restaurantOfferPresentationInfo": {},
        "externalRatings": {
            "aggregatedRating": {
                "rating": "--"
            }
        },
        "ratingsDisplayPreference": "RATINGS_DISPLAY_PREFERENCE_SHOW_SWIGGY"
    },
    "analytics": {
        "context": "seo-data-28978e5d-868e-4887-b5de-f508d182396f"
    },
    "cta": {
        "link": "https://www.swiggy.com/city/pune/dominos-pizza-perugate-sadashiv-peth-rest24437",
        "type": "WEBLINK"
    }
}